Post,Link,Image,Comments,Shares
AwwwwFollow Official Hacker on Instagram- https://www.instagram.com/iOfficialHacker/Our Blog:- https://www.officialhacker.com#officialhacker,"['https://l.facebook.com/l.php?u=https%3A%2F%2Fwww.instagram.com%2FiOfficialHacker%2F%3Ffbclid%3DIwAR3nCKlo_5n8a8r4xTLr1R0X5E0J5f2jfSlD1ZROcMhQBOcx4dy-aI23Q6A&h=AT3FQgxKr5jchhK6nf10bU5bSJAp1z0CWewquVEDtVunoyN1wIBvNKByuqzD2ni4DfD5dAXwe8P8O4fK4kwwMnC68nvdY2OBdClV_p_5rt0l7IK2pZFpz77MHZYfzZ-8nU9G&__tn__=-UK-R&c[0]=AT3qTmPbC4fNG4--7gKsyjWSvnl4i9oI5xll12gCsljOaEFa_wN-pJKTWAXwZ9bIYPStRftNwbQiZAVVad-gB_3GZE3NwLF83tq1hHhb4UhiNZxHUcfGHkbXDY4w04Yyt1BoaHRT2zylmStzlGsOLlLDWPsJGjr1UHSUHXjWbUaFe4M', 'https://l.facebook.com/l.php?u=https%3A%2F%2Fwww.officialhacker.com%2F%3Ffbclid%3DIwAR3gllbMpbKuKJgfmiXC1E0CAjC-8IxAKKL9yn_2LFy_ip3y2n_K1n9WFqk&h=AT2tMV6RVtfHLj1oQHm5C2dBOtZQnOCzBAwdlPiI8ztFFjfnXPEvn0PMVqKRWpdPlYl05jqIzN5Qb3RbyLyXOdH8HYUmMmob3qus2CB4cj6-7E97B6cgn8XlXywkpLaHpxK6&__tn__=-UK-R&c[0]=AT3qTmPbC4fNG4--7gKsyjWSvnl4i9oI5xll12gCsljOaEFa_wN-pJKTWAXwZ9bIYPStRftNwbQiZAVVad-gB_3GZE3NwLF83tq1hHhb4UhiNZxHUcfGHkbXDY4w04Yyt1BoaHRT2zylmStzlGsOLlLDWPsJGjr1UHSUHXjWbUaFe4M']",https://scontent.fdac24-2.fna.fbcdn.net/v/t39.30808-6/s600x600/266293916_1353939241705192_1401878647996972425_n.jpg?_nc_cat=108&ccb=1-5&_nc_sid=730e14&_nc_ohc=sFXQeB63fO4AX8yw4cU&_nc_ht=scontent.fdac24-2.fna&oh=00_AT85M4JtoCBeLlcV9PkuK6wHCvlk2I6VA__Wqf_FSZJTPQ&oe=61BDDCD8,{},
Tag Them!!Follow Official Hacker on Instagram- https://www.instagram.com/iOfficialHacker/Our Blog:- https://www.officialhacker.com#officialhacker,"['https://l.facebook.com/l.php?u=https%3A%2F%2Fwww.instagram.com%2FiOfficialHacker%2F%3Ffbclid%3DIwAR1l5Wgzmyhkrh0oyietvH6MSqxR8rAnsifoLtlh8ZQT6cmDmMd5Qpnzq-o&h=AT3FQgxKr5jchhK6nf10bU5bSJAp1z0CWewquVEDtVunoyN1wIBvNKByuqzD2ni4DfD5dAXwe8P8O4fK4kwwMnC68nvdY2OBdClV_p_5rt0l7IK2pZFpz77MHZYfzZ-8nU9G&__tn__=-UK-R&c[0]=AT2u7ij0gvA8vwVsjmF6kxthRQ3kuQBJuGi4uO8m_LdryvLaELApCPuCdgFpk-JQPm7EsvMAdakqKvDLF2uEobhMp7TtPRd62KRd3eSGahzf5P8F-2bXCruZtmdqZB2ZNQfYCaTwdmYx-V0WFMr2e3X-Xye19ZtrH9fi198JnbYbw3s', 'https://l.facebook.com/l.php?u=https%3A%2F%2Fwww.officialhacker.com%2F%3Ffbclid%3DIwAR0RRpY_VsFZlWr8nAAVzgbbPX-kuSePVRuA91aWe4N9HowXirOYNAr_7No&h=AT2tMV6RVtfHLj1oQHm5C2dBOtZQnOCzBAwdlPiI8ztFFjfnXPEvn0PMVqKRWpdPlYl05jqIzN5Qb3RbyLyXOdH8HYUmMmob3qus2CB4cj6-7E97B6cgn8XlXywkpLaHpxK6&__tn__=-UK-R&c[0]=AT2u7ij0gvA8vwVsjmF6kxthRQ3kuQBJuGi4uO8m_LdryvLaELApCPuCdgFpk-JQPm7EsvMAdakqKvDLF2uEobhMp7TtPRd62KRd3eSGahzf5P8F-2bXCruZtmdqZB2ZNQfYCaTwdmYx-V0WFMr2e3X-Xye19ZtrH9fi198JnbYbw3s']",https://scontent.fdac24-2.fna.fbcdn.net/v/t39.30808-6/s640x640/266622908_1353936155038834_1547484631769774594_n.jpg?_nc_cat=101&ccb=1-5&_nc_sid=730e14&_nc_ohc=5Seu2g_z9ckAX-bL6lo&_nc_ht=scontent.fdac24-2.fna&oh=00_AT_gfJ-bC-NQQpqo_sXkLB8c2--I_xaxBHFwqZI8Gs-lSg&oe=61BD088B,{},
Follow Official Hacker on Instagram- https://www.instagram.com/iOfficialHacker/Our Blog:- https://www.officialhacker.com#officialhacker,"['https://l.facebook.com/l.php?u=https%3A%2F%2Fwww.instagram.com%2FiOfficialHacker%2F%3Ffbclid%3DIwAR2MDyYob-8P6ByfopPFbzwQm-md0f8eY0Mc4zqPkHc_GSRnp62vaPjRq7w&h=AT3FQgxKr5jchhK6nf10bU5bSJAp1z0CWewquVEDtVunoyN1wIBvNKByuqzD2ni4DfD5dAXwe8P8O4fK4kwwMnC68nvdY2OBdClV_p_5rt0l7IK2pZFpz77MHZYfzZ-8nU9G&__tn__=-UK-R&c[0]=AT2eFxmWUDSPh7-cXoaW9QqL0CdMFKPjeBdXeqZv7nKs0WirGDzc1KfjkqCWxE1GoHPExF_kbURvhRL0DKf_S4sAJFNrqNcmkQE7PDzLy4ho2G1YjxizetTG9KDm4490j_GKfquNtHBdFBM2OBIPBGt92Xo3noK2MZ_c8PtcM6YSMMfsrxHxNMtR', 'https://l.facebook.com/l.php?u=https%3A%2F%2Fwww.officialhacker.com%2F%3Ffbclid%3DIwAR0wsLFHkrgLab825p6bN_-5zFMEL2XIt7k9lr6W3oaI-7jYWzGGLBcj2Es&h=AT2tMV6RVtfHLj1oQHm5C2dBOtZQnOCzBAwdlPiI8ztFFjfnXPEvn0PMVqKRWpdPlYl05jqIzN5Qb3RbyLyXOdH8HYUmMmob3qus2CB4cj6-7E97B6cgn8XlXywkpLaHpxK6&__tn__=-UK-R&c[0]=AT2eFxmWUDSPh7-cXoaW9QqL0CdMFKPjeBdXeqZv7nKs0WirGDzc1KfjkqCWxE1GoHPExF_kbURvhRL0DKf_S4sAJFNrqNcmkQE7PDzLy4ho2G1YjxizetTG9KDm4490j_GKfquNtHBdFBM2OBIPBGt92Xo3noK2MZ_c8PtcM6YSMMfsrxHxNMtR']",,{},
Follow Official Hacker on Instagram- https://www.instagram.com/iOfficialHacker/Our Blog:- https://www.officialhacker.com#officialhacker,"['https://l.facebook.com/l.php?u=https%3A%2F%2Fwww.instagram.com%2FiOfficialHacker%2F%3Ffbclid%3DIwAR2rnhYwOjD4ijicR1GR-ZbRQd5SNTbDa3XD0GVAlrYN6DNoIlXABA_s8zk&h=AT3FQgxKr5jchhK6nf10bU5bSJAp1z0CWewquVEDtVunoyN1wIBvNKByuqzD2ni4DfD5dAXwe8P8O4fK4kwwMnC68nvdY2OBdClV_p_5rt0l7IK2pZFpz77MHZYfzZ-8nU9G&__tn__=-UK-R&c[0]=AT3V9cdm8k3wLSALd5XDSvdSbiiKRueQKvG_WCVfbvHBqgNvm-JvsSgTRcUkT-tRLhCQqd2eINWC7NPZf3tyXB8KVXEzq8fZNd_qkEeaFJWM_Ynm0z5reHjJkDFWM3nFTUOWCMblKBfP_TPwbfMVky8fOfBoVCFm79ZVr-YVD9oKWw0', 'https://l.facebook.com/l.php?u=https%3A%2F%2Fwww.officialhacker.com%2F%3Ffbclid%3DIwAR2CKBHIg5Fn1at--n20IDmUQWqk0aVFw3IiHlSt3mgyDxbQ4tnKe8tb6F8&h=AT2tMV6RVtfHLj1oQHm5C2dBOtZQnOCzBAwdlPiI8ztFFjfnXPEvn0PMVqKRWpdPlYl05jqIzN5Qb3RbyLyXOdH8HYUmMmob3qus2CB4cj6-7E97B6cgn8XlXywkpLaHpxK6&__tn__=-UK-R&c[0]=AT3V9cdm8k3wLSALd5XDSvdSbiiKRueQKvG_WCVfbvHBqgNvm-JvsSgTRcUkT-tRLhCQqd2eINWC7NPZf3tyXB8KVXEzq8fZNd_qkEeaFJWM_Ynm0z5reHjJkDFWM3nFTUOWCMblKBfP_TPwbfMVky8fOfBoVCFm79ZVr-YVD9oKWw0']",https://scontent.fdac24-1.fna.fbcdn.net/v/t39.30808-6/s640x640/265770946_1352658101833306_1016689779909406894_n.jpg?_nc_cat=102&ccb=1-5&_nc_sid=730e14&_nc_ohc=X6kposBc7tgAX9qCm83&tn=OP2xWQrtIZRjOa58&_nc_ht=scontent.fdac24-1.fna&oh=00_AT9F_rs5PUn2tvQ1lqeUW2RJKCXaF2qRuYPsXUxXzfMV3Q&oe=61BE3401,{},
Follow Official Hacker on Instagram- https://www.instagram.com/iOfficialHacker/Our Blog:- https://www.officialhacker.com#officialhacker,"['https://l.facebook.com/l.php?u=https%3A%2F%2Fwww.instagram.com%2FiOfficialHacker%2F%3Ffbclid%3DIwAR2YyuuLuif776OUK4uQkpbubQMT7ypoCAeSTQi7ctDq4_P4fFdzceuwvwc&h=AT3FQgxKr5jchhK6nf10bU5bSJAp1z0CWewquVEDtVunoyN1wIBvNKByuqzD2ni4DfD5dAXwe8P8O4fK4kwwMnC68nvdY2OBdClV_p_5rt0l7IK2pZFpz77MHZYfzZ-8nU9G&__tn__=-UK-R&c[0]=AT0LqAGweIdzM0UfCwhITsdzn5IQXeo1SK2SIT8kG4TiLiBRYlIXXgbqdiWQh-VUHLZTsSQZSz0fNbkzyIb7ryQXThrafUP3tXGCXct5q9tAKYu5pRhF2oGNqXTZ3IDIUs0Itd48rDyMqb9DJKE_u73MAc7ki_BRGgy35oObex80e0s', 'https://l.facebook.com/l.php?u=https%3A%2F%2Fwww.officialhacker.com%2F%3Ffbclid%3DIwAR0YuT5qrHFjj1BXC6_iai2-cvR0fSIVSIH2qlqV6c82d-Qt5Lcc_nP_n8k&h=AT2tMV6RVtfHLj1oQHm5C2dBOtZQnOCzBAwdlPiI8ztFFjfnXPEvn0PMVqKRWpdPlYl05jqIzN5Qb3RbyLyXOdH8HYUmMmob3qus2CB4cj6-7E97B6cgn8XlXywkpLaHpxK6&__tn__=-UK-R&c[0]=AT0LqAGweIdzM0UfCwhITsdzn5IQXeo1SK2SIT8kG4TiLiBRYlIXXgbqdiWQh-VUHLZTsSQZSz0fNbkzyIb7ryQXThrafUP3tXGCXct5q9tAKYu5pRhF2oGNqXTZ3IDIUs0Itd48rDyMqb9DJKE_u73MAc7ki_BRGgy35oObex80e0s']",https://scontent.fdac24-2.fna.fbcdn.net/v/t39.30808-6/p526x296/262363110_1352655735166876_3324928053103186177_n.jpg?_nc_cat=105&ccb=1-5&_nc_sid=730e14&_nc_ohc=Zs9zVSjctdMAX-Icayb&_nc_ht=scontent.fdac24-2.fna&oh=00_AT-Q4h_0wtlnvXZm2Sj7VKtJOvWjHMPE9zE_VWgoSIx8NQ&oe=61BCA7BD,{},
Follow Official Hacker on Instagram- https://www.instagram.com/iOfficialHacker/Our Blog:- https://www.officialhacker.com#officialhacker,"['https://l.facebook.com/l.php?u=https%3A%2F%2Fwww.instagram.com%2FiOfficialHacker%2F%3Ffbclid%3DIwAR1l5Wgzmyhkrh0oyietvH6MSqxR8rAnsifoLtlh8ZQT6cmDmMd5Qpnzq-o&h=AT3FQgxKr5jchhK6nf10bU5bSJAp1z0CWewquVEDtVunoyN1wIBvNKByuqzD2ni4DfD5dAXwe8P8O4fK4kwwMnC68nvdY2OBdClV_p_5rt0l7IK2pZFpz77MHZYfzZ-8nU9G&__tn__=-UK-R&c[0]=AT1Dax4_iGV2VqN5ru1nSWdVfphPEzXzp8kI7RDtFj1F2398--Jz8Ej3C548YiEqmAFXNUdATlpFuyyGcz0shZUo2ex24Li7S11ALvq5afdsfnsHmtP3G6mENGGmMWf382fo1oFLaIxApmjapVkdEvemUNN2NHEheSE-rUQqjo8lrLs', 'https://l.facebook.com/l.php?u=https%3A%2F%2Fwww.officialhacker.com%2F%3Ffbclid%3DIwAR0YuT5qrHFjj1BXC6_iai2-cvR0fSIVSIH2qlqV6c82d-Qt5Lcc_nP_n8k&h=AT2tMV6RVtfHLj1oQHm5C2dBOtZQnOCzBAwdlPiI8ztFFjfnXPEvn0PMVqKRWpdPlYl05jqIzN5Qb3RbyLyXOdH8HYUmMmob3qus2CB4cj6-7E97B6cgn8XlXywkpLaHpxK6&__tn__=-UK-R&c[0]=AT1Dax4_iGV2VqN5ru1nSWdVfphPEzXzp8kI7RDtFj1F2398--Jz8Ej3C548YiEqmAFXNUdATlpFuyyGcz0shZUo2ex24Li7S11ALvq5afdsfnsHmtP3G6mENGGmMWf382fo1oFLaIxApmjapVkdEvemUNN2NHEheSE-rUQqjo8lrLs']",https://scontent.fdac24-2.fna.fbcdn.net/v/t39.30808-6/p552x414/265525097_1352631285169321_4315789399116365143_n.jpg?_nc_cat=101&ccb=1-5&_nc_sid=730e14&_nc_ohc=s-i7reSDCYkAX9lLOdN&_nc_ht=scontent.fdac24-2.fna&oh=00_AT9OOeADwV3MJe6xPkXV1Wi8Q8xMIy8C0Qk1ePibr_b00w&oe=61BCDE6E,{},
Follow Official Hacker on Instagram- https://www.instagram.com/iOfficialHacker/Our Blog:- https://www.officialhacker.com#officialhacker,"['https://l.facebook.com/l.php?u=https%3A%2F%2Fwww.instagram.com%2FiOfficialHacker%2F%3Ffbclid%3DIwAR3Ky9GqqiSr_GrCtSy-IXxV04RKidy_AORPBhIuNA3tytjIWSLOeRs2KHc&h=AT3FQgxKr5jchhK6nf10bU5bSJAp1z0CWewquVEDtVunoyN1wIBvNKByuqzD2ni4DfD5dAXwe8P8O4fK4kwwMnC68nvdY2OBdClV_p_5rt0l7IK2pZFpz77MHZYfzZ-8nU9G&__tn__=-UK-R&c[0]=AT3HYcSU9kjCQXeHqpDKnzsXjkRVPGjjtF03m8Ehv4KgwEYdpjkMmR4MyXdM4XjRV6-Fj-e7iECdVJFE8OwTknyk9J9Uf9kM6rrQfGiMK6HIxb3FEMo8n3XbbD2F58cDBhH8Cus2x1vZtgekROhkqnsdArfbG97tD8AZ1YfdX4DG4rU', 'https://l.facebook.com/l.php?u=https%3A%2F%2Fwww.officialhacker.com%2F%3Ffbclid%3DIwAR0RRpY_VsFZlWr8nAAVzgbbPX-kuSePVRuA91aWe4N9HowXirOYNAr_7No&h=AT2tMV6RVtfHLj1oQHm5C2dBOtZQnOCzBAwdlPiI8ztFFjfnXPEvn0PMVqKRWpdPlYl05jqIzN5Qb3RbyLyXOdH8HYUmMmob3qus2CB4cj6-7E97B6cgn8XlXywkpLaHpxK6&__tn__=-UK-R&c[0]=AT3HYcSU9kjCQXeHqpDKnzsXjkRVPGjjtF03m8Ehv4KgwEYdpjkMmR4MyXdM4XjRV6-Fj-e7iECdVJFE8OwTknyk9J9Uf9kM6rrQfGiMK6HIxb3FEMo8n3XbbD2F58cDBhH8Cus2x1vZtgekROhkqnsdArfbG97tD8AZ1YfdX4DG4rU']",https://scontent.fdac24-2.fna.fbcdn.net/v/t39.30808-6/s600x600/266609043_1352629218502861_5164090215250473447_n.jpg?_nc_cat=108&ccb=1-5&_nc_sid=730e14&_nc_ohc=ymj8_CgStm8AX9Ne8y7&tn=OP2xWQrtIZRjOa58&_nc_ht=scontent.fdac24-2.fna&oh=00_AT_7DvQ_Xk7CjJtbhauESiQiLTQ94fhHR7t7__v0Nwyn8g&oe=61BE3AB7,{},
Follow Official Hacker on Instagram- https://www.instagram.com/iOfficialHacker/Our Blog:- https://www.officialhacker.com#officialhacker,"['https://l.facebook.com/l.php?u=https%3A%2F%2Fwww.instagram.com%2FiOfficialHacker%2F%3Ffbclid%3DIwAR2rnhYwOjD4ijicR1GR-ZbRQd5SNTbDa3XD0GVAlrYN6DNoIlXABA_s8zk&h=AT3FQgxKr5jchhK6nf10bU5bSJAp1z0CWewquVEDtVunoyN1wIBvNKByuqzD2ni4DfD5dAXwe8P8O4fK4kwwMnC68nvdY2OBdClV_p_5rt0l7IK2pZFpz77MHZYfzZ-8nU9G&__tn__=-UK-R&c[0]=AT1NnzrlSHvvBndicbsgu-Vbc_FQWsMwchEv9pPRPE4pwOCgM8RJxnqyQgv3yEr9vlecvOsp7IEpO-6_2uDpa9AdWFaRmgxDvDSf254uu74tQSF_S-pPdSvOGEMkchtcVjvaI_-xjjzTYLNE0q_t_7z3MBUV8Vbwfy1FqKZ8S1MzU2k', 'https://l.facebook.com/l.php?u=https%3A%2F%2Fwww.officialhacker.com%2F%3Ffbclid%3DIwAR23ovVI-Qfuctcm1hpre-LPwNgQv-ka4DeHYq6Lrm4kRqh5dBa5Bh7k8Rk&h=AT2tMV6RVtfHLj1oQHm5C2dBOtZQnOCzBAwdlPiI8ztFFjfnXPEvn0PMVqKRWpdPlYl05jqIzN5Qb3RbyLyXOdH8HYUmMmob3qus2CB4cj6-7E97B6cgn8XlXywkpLaHpxK6&__tn__=-UK-R&c[0]=AT1NnzrlSHvvBndicbsgu-Vbc_FQWsMwchEv9pPRPE4pwOCgM8RJxnqyQgv3yEr9vlecvOsp7IEpO-6_2uDpa9AdWFaRmgxDvDSf254uu74tQSF_S-pPdSvOGEMkchtcVjvaI_-xjjzTYLNE0q_t_7z3MBUV8Vbwfy1FqKZ8S1MzU2k']",https://scontent.fdac24-1.fna.fbcdn.net/v/t39.30808-6/s640x640/264776226_1351935751905541_5897213495243737022_n.jpg?_nc_cat=107&ccb=1-5&_nc_sid=730e14&_nc_ohc=9UOtT3F59X4AX_huLuj&_nc_ht=scontent.fdac24-1.fna&oh=00_AT_iZJCEKglSwbN67c34xbcdFmkzIfLtcXQMKm_3EVGSAg&oe=61BCEF06,{},
Follow Official Hacker on Instagram- https://www.instagram.com/iOfficialHacker/Our Blog:- https://www.officialhacker.com#officialhacker,"['https://l.facebook.com/l.php?u=https%3A%2F%2Fwww.instagram.com%2FiOfficialHacker%2F%3Ffbclid%3DIwAR0wsLFHkrgLab825p6bN_-5zFMEL2XIt7k9lr6W3oaI-7jYWzGGLBcj2Es&h=AT3FQgxKr5jchhK6nf10bU5bSJAp1z0CWewquVEDtVunoyN1wIBvNKByuqzD2ni4DfD5dAXwe8P8O4fK4kwwMnC68nvdY2OBdClV_p_5rt0l7IK2pZFpz77MHZYfzZ-8nU9G&__tn__=-UK-R&c[0]=AT0VhKVLswzaohBE--nT8E_P0CY9chS8FHCe2YR1QKF-yM1pMP0k9CIRwIuO51zmIXoBb6IIgwg3KY2mT1kK1M2hh_PH7KbAbd6KCi7K7mpqcG4nOb-TB4fxJk2G5lVsXWHQtoTHQFf9ppMLeeTTHaYFVUSop7oou5KJUpQWxzrbaYU', 'https://l.facebook.com/l.php?u=https%3A%2F%2Fwww.officialhacker.com%2F%3Ffbclid%3DIwAR2vMU9kNthOWGLr1fVN7lZ4LYi3YUWXJiiSj-6FL3ncuYE55-3ZTd8FIKU&h=AT2tMV6RVtfHLj1oQHm5C2dBOtZQnOCzBAwdlPiI8ztFFjfnXPEvn0PMVqKRWpdPlYl05jqIzN5Qb3RbyLyXOdH8HYUmMmob3qus2CB4cj6-7E97B6cgn8XlXywkpLaHpxK6&__tn__=-UK-R&c[0]=AT0VhKVLswzaohBE--nT8E_P0CY9chS8FHCe2YR1QKF-yM1pMP0k9CIRwIuO51zmIXoBb6IIgwg3KY2mT1kK1M2hh_PH7KbAbd6KCi7K7mpqcG4nOb-TB4fxJk2G5lVsXWHQtoTHQFf9ppMLeeTTHaYFVUSop7oou5KJUpQWxzrbaYU']",https://scontent.fdac24-2.fna.fbcdn.net/v/t39.30808-6/p552x414/264973688_1351925208573262_6765355395877453854_n.jpg?_nc_cat=103&ccb=1-5&_nc_sid=730e14&_nc_ohc=tgYc5oQnVV8AX_bN_Q8&_nc_ht=scontent.fdac24-2.fna&oh=00_AT9aV6BrdSBqlf_aEjf2LqNZIa2qH29Xoraylbh3adSbFw&oe=61BD7F8B,{},
Follow Official Hacker on Instagram- https://www.instagram.com/iOfficialHacker/Our Blog:- https://www.officialhacker.com#officialhacker,"['https://l.facebook.com/l.php?u=https%3A%2F%2Fwww.instagram.com%2FiOfficialHacker%2F%3Ffbclid%3DIwAR1g6gaTRXfyuzyDDfo-X6rNTuDTSIKcdKtuUa_4W1b6l9_qW4DOvbh2kj0&h=AT3FQgxKr5jchhK6nf10bU5bSJAp1z0CWewquVEDtVunoyN1wIBvNKByuqzD2ni4DfD5dAXwe8P8O4fK4kwwMnC68nvdY2OBdClV_p_5rt0l7IK2pZFpz77MHZYfzZ-8nU9G&__tn__=-UK-R&c[0]=AT0jRF-CWN0yJob0zjOJ4fVjtLIunAguqvC1Y6rifMtb9i8OnHEbkkbv91JIoG3GKz3dznDBDtyvCAeVQ_tx314KvzR8UYXac128wxap126_51vmSybuFx15e_UZEHwM_duU2HT1HmoVc9_1yNl4L0tpicFzurYDnju1-iLzfJ0w1Pc', 'https://l.facebook.com/l.php?u=https%3A%2F%2Fwww.officialhacker.com%2F%3Ffbclid%3DIwAR0x2zi9DIQ2V94-Vcdc3_aKrrZ3gQMA5RZMnaa89wgIScBFa7LwUZQyrGw&h=AT2tMV6RVtfHLj1oQHm5C2dBOtZQnOCzBAwdlPiI8ztFFjfnXPEvn0PMVqKRWpdPlYl05jqIzN5Qb3RbyLyXOdH8HYUmMmob3qus2CB4cj6-7E97B6cgn8XlXywkpLaHpxK6&__tn__=-UK-R&c[0]=AT0jRF-CWN0yJob0zjOJ4fVjtLIunAguqvC1Y6rifMtb9i8OnHEbkkbv91JIoG3GKz3dznDBDtyvCAeVQ_tx314KvzR8UYXac128wxap126_51vmSybuFx15e_UZEHwM_duU2HT1HmoVc9_1yNl4L0tpicFzurYDnju1-iLzfJ0w1Pc']",https://scontent.fdac24-1.fna.fbcdn.net/v/t39.30808-6/s640x640/262995926_1351916711907445_5758564913954014959_n.jpg?_nc_cat=102&ccb=1-5&_nc_sid=730e14&_nc_ohc=i18aJXmJ3joAX9US8yQ&_nc_ht=scontent.fdac24-1.fna&oh=00_AT88NqaOjorJL-68fyeiC8hzd2hzz8mOEihO12drM-DoFw&oe=61BCCADF,{},
Follow Official Hacker on Instagram- https://www.instagram.com/iOfficialHacker/Our Blog:- https://www.officialhacker.com#officialhacker,"['https://l.facebook.com/l.php?u=https%3A%2F%2Fwww.instagram.com%2FiOfficialHacker%2F%3Ffbclid%3DIwAR2pY04c4TX02qogd27b41j8XegWMgkzZAWeES_-xdeuESl8xG8VFd5c1Vw&h=AT3FQgxKr5jchhK6nf10bU5bSJAp1z0CWewquVEDtVunoyN1wIBvNKByuqzD2ni4DfD5dAXwe8P8O4fK4kwwMnC68nvdY2OBdClV_p_5rt0l7IK2pZFpz77MHZYfzZ-8nU9G&__tn__=-UK-R&c[0]=AT1AqfznmMOL3xfKOHfys0Gb5qsBVdhhy4KoYtSSPwh5hyfYGIf1pY2qS2PTK69nGpxBLVRUwRQIjH_IB5x9ZzEsoNzC6N8I6GUPp5fC5KW7v9PjDEreuLHja0wSnWN90M4vG8ye98sBrBSHT2MNk6y1xYGKg3LCeJn01IohbbmJ5OQ', 'https://l.facebook.com/l.php?u=https%3A%2F%2Fwww.officialhacker.com%2F%3Ffbclid%3DIwAR2E52pJe66700pGWma1amlOXoYeHPB4OGNsAUbEav25xl54Lve5LRDrL_U&h=AT2tMV6RVtfHLj1oQHm5C2dBOtZQnOCzBAwdlPiI8ztFFjfnXPEvn0PMVqKRWpdPlYl05jqIzN5Qb3RbyLyXOdH8HYUmMmob3qus2CB4cj6-7E97B6cgn8XlXywkpLaHpxK6&__tn__=-UK-R&c[0]=AT1AqfznmMOL3xfKOHfys0Gb5qsBVdhhy4KoYtSSPwh5hyfYGIf1pY2qS2PTK69nGpxBLVRUwRQIjH_IB5x9ZzEsoNzC6N8I6GUPp5fC5KW7v9PjDEreuLHja0wSnWN90M4vG8ye98sBrBSHT2MNk6y1xYGKg3LCeJn01IohbbmJ5OQ']",https://scontent.fdac24-1.fna.fbcdn.net/v/t39.30808-6/p526x296/264779932_1351914308574352_6443570791031753603_n.jpg?_nc_cat=102&ccb=1-5&_nc_sid=730e14&_nc_ohc=zGjrKyh2jG8AX-e8vIW&tn=OP2xWQrtIZRjOa58&_nc_ht=scontent.fdac24-1.fna&oh=00_AT_lo18wZX9FzWx1iVbHLU2HOPU4sZ4mpUT4p4jFi-gqow&oe=61BD9523,{},
Follow Official Hacker on Instagram- https://www.instagram.com/iOfficialHacker/Our Blog:- https://www.officialhacker.com#officialhacker,"['https://l.facebook.com/l.php?u=https%3A%2F%2Fwww.instagram.com%2FiOfficialHacker%2F%3Ffbclid%3DIwAR1g6gaTRXfyuzyDDfo-X6rNTuDTSIKcdKtuUa_4W1b6l9_qW4DOvbh2kj0&h=AT3FQgxKr5jchhK6nf10bU5bSJAp1z0CWewquVEDtVunoyN1wIBvNKByuqzD2ni4DfD5dAXwe8P8O4fK4kwwMnC68nvdY2OBdClV_p_5rt0l7IK2pZFpz77MHZYfzZ-8nU9G&__tn__=-UK-R&c[0]=AT1CIqXzwEYxMGvbR0kbvZTUSCuq7Zn-oMOKWE8MyZOb308cgbr1O-d48CfXoa_vFinnhFmPLUCaGvnuJqzTLNL_kNi7wMN4Idh6mY5LZbU001zueL8rJD0r6uiR994d6vTR2RGoUCdUVAJBT8XznQVDiR3lNxMOT5J-SFFHZfYhLwocnF1vjHAT', 'https://l.facebook.com/l.php?u=https%3A%2F%2Fwww.officialhacker.com%2F%3Ffbclid%3DIwAR3VnvWmFfyJkRZHt-xeRbxHVMEk1FhhHVP6v9B6ADL1MNE5jeyADPR6WpQ&h=AT2tMV6RVtfHLj1oQHm5C2dBOtZQnOCzBAwdlPiI8ztFFjfnXPEvn0PMVqKRWpdPlYl05jqIzN5Qb3RbyLyXOdH8HYUmMmob3qus2CB4cj6-7E97B6cgn8XlXywkpLaHpxK6&__tn__=-UK-R&c[0]=AT1CIqXzwEYxMGvbR0kbvZTUSCuq7Zn-oMOKWE8MyZOb308cgbr1O-d48CfXoa_vFinnhFmPLUCaGvnuJqzTLNL_kNi7wMN4Idh6mY5LZbU001zueL8rJD0r6uiR994d6vTR2RGoUCdUVAJBT8XznQVDiR3lNxMOT5J-SFFHZfYhLwocnF1vjHAT']",,{},
MommmmFollow Official Hacker on Instagram- https://www.instagram.com/iOfficialHacker/Our Blog:- https://www.officialhacker.com#officialhacker,"['https://l.facebook.com/l.php?u=https%3A%2F%2Fwww.instagram.com%2FiOfficialHacker%2F%3Ffbclid%3DIwAR3VnvWmFfyJkRZHt-xeRbxHVMEk1FhhHVP6v9B6ADL1MNE5jeyADPR6WpQ&h=AT3FQgxKr5jchhK6nf10bU5bSJAp1z0CWewquVEDtVunoyN1wIBvNKByuqzD2ni4DfD5dAXwe8P8O4fK4kwwMnC68nvdY2OBdClV_p_5rt0l7IK2pZFpz77MHZYfzZ-8nU9G&__tn__=-UK-R&c[0]=AT1zSYADr2jy7P8meN49fmihZDJVCG4T_Xs7mRWixytW-pwWaMd3COvBVOGFwC1vI8nUupx5GHP95adK6st0-w9HSic2WsqVs2mnUQLrAlRtAYLCV-1MV2PESuKhwQcbtaMZ0i44Oa6FbN6-MWgIWH_SYU7l1YxbteA4-kV8Avy14YI', 'https://l.facebook.com/l.php?u=https%3A%2F%2Fwww.officialhacker.com%2F%3Ffbclid%3DIwAR0W3sdqz8aA1AgEgtRyZssvxXqvEAHmwW1tviTjJUkeY6E7l-5PUg5z6YM&h=AT2tMV6RVtfHLj1oQHm5C2dBOtZQnOCzBAwdlPiI8ztFFjfnXPEvn0PMVqKRWpdPlYl05jqIzN5Qb3RbyLyXOdH8HYUmMmob3qus2CB4cj6-7E97B6cgn8XlXywkpLaHpxK6&__tn__=-UK-R&c[0]=AT1zSYADr2jy7P8meN49fmihZDJVCG4T_Xs7mRWixytW-pwWaMd3COvBVOGFwC1vI8nUupx5GHP95adK6st0-w9HSic2WsqVs2mnUQLrAlRtAYLCV-1MV2PESuKhwQcbtaMZ0i44Oa6FbN6-MWgIWH_SYU7l1YxbteA4-kV8Avy14YI']",https://scontent.fdac24-2.fna.fbcdn.net/v/t39.30808-6/s600x600/264352484_1351243311974785_1598921136949499372_n.jpg?_nc_cat=103&ccb=1-5&_nc_sid=730e14&_nc_ohc=yNa78TGtVawAX-9G-Sw&_nc_ht=scontent.fdac24-2.fna&oh=00_AT8lkeTTFhR4bj30xZc8H4NBfVDg30Rrhy2tOa64pmcc8w&oe=61BDE115,{},
Follow Official Hacker on Instagram- https://www.instagram.com/iOfficialHacker/Our Blog:- https://www.officialhacker.com#officialhacker,"['https://l.facebook.com/l.php?u=https%3A%2F%2Fwww.instagram.com%2FiOfficialHacker%2F%3Ffbclid%3DIwAR1ZBFm-r6LnCLLz7RizaNn1z-Gi5TClzQf758745C89kduOAoV11JZVW_g&h=AT3FQgxKr5jchhK6nf10bU5bSJAp1z0CWewquVEDtVunoyN1wIBvNKByuqzD2ni4DfD5dAXwe8P8O4fK4kwwMnC68nvdY2OBdClV_p_5rt0l7IK2pZFpz77MHZYfzZ-8nU9G&__tn__=-UK-R&c[0]=AT17Xn11JLuItrhl51pCIQ83Xj7eTBKpekwsh55hyYdYaWieg9ExIpBwF6lJB2A8hS-5UH3Oxik4n9AddvmY5TfeBL7jPEY4B7joOrphTh58Atbfiuju-JBeL1KsGwJLdDORG9CP2TrSaFHNS8AxXhHF0MD8qTuvSQX4RIE0HcevI90', 'https://l.facebook.com/l.php?u=https%3A%2F%2Fwww.officialhacker.com%2F%3Ffbclid%3DIwAR2YyuuLuif776OUK4uQkpbubQMT7ypoCAeSTQi7ctDq4_P4fFdzceuwvwc&h=AT2tMV6RVtfHLj1oQHm5C2dBOtZQnOCzBAwdlPiI8ztFFjfnXPEvn0PMVqKRWpdPlYl05jqIzN5Qb3RbyLyXOdH8HYUmMmob3qus2CB4cj6-7E97B6cgn8XlXywkpLaHpxK6&__tn__=-UK-R&c[0]=AT17Xn11JLuItrhl51pCIQ83Xj7eTBKpekwsh55hyYdYaWieg9ExIpBwF6lJB2A8hS-5UH3Oxik4n9AddvmY5TfeBL7jPEY4B7joOrphTh58Atbfiuju-JBeL1KsGwJLdDORG9CP2TrSaFHNS8AxXhHF0MD8qTuvSQX4RIE0HcevI90']",https://scontent.fdac24-2.fna.fbcdn.net/v/t39.30808-6/p526x296/263747594_1351226475309802_3667801136232029397_n.jpg?_nc_cat=105&ccb=1-5&_nc_sid=730e14&_nc_ohc=IyDkoYWBQUsAX8bxWNf&_nc_ht=scontent.fdac24-2.fna&oh=00_AT_r05F0PBxSo-XstFXoai6Po__8IpP70PIz0zPhOe4IXA&oe=61BE01F0,{},
U.S. State Department and Diplomat's iPhones were Reportedly Hacked by Pegasus SpywareREAD FULL ARTICLE: https://www.officialhacker.com/us-state-department.../#officialhacker,['https://l.facebook.com/l.php?u=https%3A%2F%2Fwww.officialhacker.com%2Fus-state-department-hacked-by-pegasus-spyware%2F%3Ffbclid%3DIwAR23ovVI-Qfuctcm1hpre-LPwNgQv-ka4DeHYq6Lrm4kRqh5dBa5Bh7k8Rk&h=AT3zuvwDwsQPmKWvwdrRA12iYFI4J8ZKGsvs-uBc2gtLYnoDgpG1a3yFCu3lMC3SbkBHguqy1YV9PMk87NTIdSZOuExm7esoLUjzihuml5fSGS_H3POG3cg2XtDrndRPgJnq&__tn__=-UK-R&c[0]=AT13whxHoeHYfGHnTvWIAhKRsJdhPw75nl0C1WMTaNMFhBCGB1QCPlReyHPjkmaWC4NGiICfTJAgxse3F-GrS9jmZdd1fWHkD9J3TNCeCadRIbgBiXRosqeihJYY_6gojyqn0LqekCLVB-obTRQGfntGtbl1U38m5kcDfTl2dN561R4'],https://scontent.fdac24-2.fna.fbcdn.net/v/t39.30808-6/p180x540/265336806_1351581118607671_7058543264407570792_n.jpg?_nc_cat=101&ccb=1-5&_nc_sid=730e14&_nc_ohc=v63d8iXWIVMAX8nH27M&_nc_ht=scontent.fdac24-2.fna&oh=00_AT-xt16ORB55n2APts4NAGyrYB2flGyu9D0_FmbXUZ0hoQ&oe=61BCE9ED,{},
